{"cameraMode":{"drawMode":0,"name":"Shaded","section":"Shading Mode"},"sceneLighting":false,"audioPlay":false,"sceneViewState":{"m_AlwaysRefresh":false,"showFog":true,"showSkybox":false,"showFlares":true,"showImageEffects":true,"showParticleSystems":true,"showVisualEffectGraphs":true,"m_FxEnabled":true},"in2DMode":false,"pivot":{"x":-0.03233388438820839,"y":0.6044525504112244,"z":0.8425790667533875},"rotation":{"x":-0.09614571183919907,"y":0.017909543588757516,"z":-0.0017517890082672239,"w":-0.9952118992805481},"size":0.7716082334518433,"orthographic":false}